name,lat,lng,aliases
Aama Secondary School,27.42246,83.26667,aama secondary school/aama/आमा माध्यमिक विद्यालय
AMDA Institute of Health Sciences,27.69193,83.47916,amda/amda butwal/amda nursing/अम्डा बुटवल
Baal Secondary School,27.68944,83.18431,baal secondary school/baal/बाल माध्यमिक विद्यालय
Bal Netra Academy,27.5099,83.45218,bal netra academy/bal netra/बाल नेत्र एकेडेमी
Balrampur Secondary School,27.43965,83.29623,balrampur secondary school/balrampur/बलरामपुर माध्यमिक विद्यालय
Bhabishya Secondary School,27.58824,83.56562,bhabishya secondary school/bhabishya/भविष्य माध्यमिक विद्यालय
Bhairahawa Multiple Campus,27.50572,83.46335,bhairahawa campus/bhairahawa multiple/bhairawa campus/bhairahwa/BMC/भैरहवा बहुमुखी क्याम्पस
Buddha Academy English Boarding,27.45598,83.18858,buddha academy english boarding/buddha/बुद्ध एकेडेमी इङ्लिस बोर्डिङ
Buddha Adarse Secondary School,27.45378,83.26324,buddha adarse secondary school/buddha adarse/बुद्ध आदर्श माध्यमिक विद्यालय
Buddha Secondary School,27.50892,83.45595,buddha secondary school/buddha/बुद्ध माध्यमिक विद्यालय
Creative Child Academy,27.52939,83.38879,creative child academy/creative child/क्रिएटिभ चाइल्ड एकेडेमी
Crimson College of Technology,27.68689,83.45929,CCT/crimson college/crimson butwal/क्रिम्सन कलेज
Devdaha Higher Secondary School,27.65077,83.57368,devdaha higher secondary school/devdaha/देवदह उच्च माध्यमिक विद्यालय
Devdaha Medical College,27.64676,83.54014,DMC/devdaha medical/medical college devdaha/देवदह मेडिकल कलेज
Dobhan Secondary School,27.74966,83.45942,dobhan secondary school/dobhan/दोभान माध्यमिक विद्यालय
Durga Model Academy,27.51649,83.37888,durga model academy/durga model/दुर्गा मोडेल एकेडेमी
Evergreen English Secondary School,27.59584,83.2512,evergreen english secondary school/evergreen/एभरग्रिन इङ्लिस माध्यमिक विद्यालय
Farsatikar Siddhartha Secondary School,27.62815,83.39883,farsatikar siddhartha secondary school/farsatikar siddhartha/फर्साटिकार सिद्धार्थ माध्यमिक विद्यालय
Gajedi Secondary School,27.64451,83.27536,gajedi secondary school/gajedi/गजेडी माध्यमिक विद्यालय
Gautam Buddha Lower Secondary School,27.44214,83.27899,gautam buddha lower secondary school/gautam buddha/गौतम बुद्ध निम्न माध्यमिक विद्यालय
Global Wisdom Academy,27.41831,83.38239,global wisdom academy/global wisdom/ग्लोबल विज्डम एकेडेमी
Glorious College,27.68346,83.46097,glorious butwal/ग्लोरियस कलेज
Gurukul Technical College,27.56246,83.56766,gurukul/गुरुकुल प्राविधिक कलेज
Gyanodaya Secondary School,27.79552,83.40157,gyanodaya secondary school/gyanodaya/ज्ञानोदय माध्यमिक विद्यालय
Haji Anatullha Higher Secondary School,27.49611,83.33464,haji anatullha higher secondary school/haji anatullha
Haraiya Multiple Campus,27.59646,83.24798,haraiya campus/हरैया बहुमुखी क्याम्पस
Janakalyan Secondary School,27.70492,83.30061,janakalyan secondary school/janakalyan/जनकल्याण माध्यमिक विद्यालय
Janata Secondary School Devdaha,27.63797,83.5708,janata secondary school devdaha/janata devdaha/जनता माध्यमिक विद्यालय देवदह
Jyoti Higher Secondary School,27.60169,83.58235,jyoti higher secondary school/jyoti/ज्योति उच्च माध्यमिक विद्यालय
Jyoti Lower Secondary School,27.62857,83.49766,jyoti lower secondary school/jyoti/ज्योति निम्न माध्यमिक विद्यालय
Karmhawa Secondary School,27.52764,83.28044,karmhawa secondary school/karmhawa/कर्महवा माध्यमिक विद्यालय
Karuna Girls College,27.46927,83.28909,karuna girls/karuna college/करुणा गर्ल्स कलेज
Kasmas Academy,27.53704,83.53139,kasmas academy/kasmas/कस्मस एकेडेमी
Lifeline Educational Academy E.school,27.3563,83.34897,lifeline educational academy e.school/lifeline educational
Little Flower Higher Secondary School,27.63121,83.40594,little flower higher secondary school/little flower/लिटल फ्लावर उच्च माध्यमिक विद्यालय
Lord Buddha Academy,27.54649,83.41141,lord buddha academy/lord buddha/लर्ड बुद्ध एकेडेमी
Lumbini Banijya Campus,27.68729,83.45692,LBC/banijya campus/lumbini commerce/banijya butwal/लुम्बिनी बाणिज्य क्याम्पस/बाणिज्य क्याम्पस
Lumbini Engineering College,27.60594,83.46828,LEC/lumbini engineering/engineering college butwal/लुम्बिनी इन्जिनियरिङ कलेज
Lumbini Institute and Research Center,27.49708,83.45821,lumbini institute/लुम्बिनी इन्स्टिच्युट
Lumbini Lower Secondary School,27.47365,83.30392,lumbini lower secondary school/lumbini/लुम्बिनी निम्न माध्यमिक विद्यालय
Madarasa Jamiyasaidajohorul Islam Girls College,27.36309,83.36749,madarasa jamiyasaidajohorul islam girls college/madarasa jamiyasaidajohorul islam girls
Madhubani Secondary School,27.47328,83.29364,madhubani secondary school/madhubani/मधुबनी माध्यमिक विद्यालय
Malardevi Secondary School,27.60699,83.23114,malardevi secondary school/malardevi/मलारदेवी माध्यमिक विद्यालय
Malmala Devi Secondary School -05,27.6996,83.31808,malmala devi secondary school -05/malmala devi -05/मलमला देवी माध्यमिक विद्यालय
Modern English Academy,27.69105,83.32748,modern english academy/modern/मोडर्न इङ्लिस एकेडेमी
Modren Vision Academy School,27.59809,83.25056,modren vision academy school/modren vision/मोडर्न भिजन एकेडेमी विद्यालय
Mordern Genaration Academy,27.48777,83.5951,mordern genaration academy/mordern genaration/मोडर्न जेनेरेशन एकेडेमी
Motherland Academy,27.63025,83.55644,motherland academy/motherland/मदरल्यान्ड एकेडेमी
Nabin Audhyogik Kadar Bahadur Rita Secondary School,27.68688,83.45806,nabin audhyogik kadar bahadur rita secondary school/nabin audhyogik kadar bahadur rita
Nepal Nalanda Secondary English Boarding School,27.51789,83.46204,nepal nalanda secondary english boarding school/nepal nalanda/नेपाल नालन्दा माध्यमिक इङ्लिस बोर्डिङ विद्यालय
New Environment English Secondary School,27.63033,83.47601,new environment english secondary school/new environment/न्यु इन्भाइरोमेन्ट इङ्लिस माध्यमिक विद्यालय
New Moon Academy,27.53571,83.46257,new moon academy/new moon/न्यु मुन एकेडेमी
New Namuna English Boarding Secondary School,27.65269,83.53471,new namuna english boarding secondary school/new namuna/न्यु नमुना इङ्लिस बोर्डिङ माध्यमिक विद्यालय
Our Wisdom Boarding Secondary School,27.68976,83.19491,our wisdom boarding secondary school/our wisdom/आवर विज्डम बोर्डिङ माध्यमिक विद्यालय
Pajarkatti Secondary School,27.48848,83.54137,pajarkatti secondary school/pajarkatti/पजरकट्टी माध्यमिक विद्यालय
Paklihawa Campus (IAAS),27.48154,83.44646,paklihawa/IAAS paklihawa/paklihawa campus/पक्लिहवा क्याम्पस
Palnet Academy English Boarding School,27.4512,83.31277,palnet academy english boarding school/palnet
Parroha Multiple Campus,27.68509,83.34108,parroha campus/parrora/पर्रोहा बहुमुखी क्याम्पस
Pashupati Secondary School,27.70248,83.26354,pashupati secondary school/pashupati/पशुपति माध्यमिक विद्यालय
Pokharvindi Secondary School,27.49153,83.52189,pokharvindi secondary school/pokharvindi/पोखरभिण्डी माध्यमिक विद्यालय
Pragati Secondary School,27.56239,83.55618,pragati secondary school/pragati/प्रगति माध्यमिक विद्यालय
Rainbow Montessori Academy,27.65666,83.53276,rainbow montessori academy/rainbow montessori/रेन्बो मन्टेश्वरी एकेडेमी
Research Power Children Academy,27.47707,83.19741,research power children academy/research power children/रिसर्च पावर चिल्ड्रेन एकेडेमी
Rose Bud Academy,27.59643,83.4148,rose bud academy/rose bud/रोज बड एकेडेमी
Rupandehi Campus,27.5204,83.45851,rupandehi college/रुपन्देही क्याम्पस
Sagarmatha College,27.6458,83.58076,sagarmatha/सगरमाथा कलेज
Sagarmatha Secondary School,27.65041,83.57988,sagarmatha secondary school/sagarmatha/सगरमाथा माध्यमिक विद्यालय
Sahid Narayan Pokhrel Campus,27.68862,83.31472,narayan pokhrel/pokhrel campus/सहिद नारायण पोखरेल क्याम्पस
Sai Global Academy,27.50533,83.45351,sai global academy/sai global/साई ग्लोबल एकेडेमी
Saljhandi Secondary School,27.71059,83.25542,saljhandi secondary school/saljhandi/सल्झण्डी माध्यमिक विद्यालय
Sarasawati Higher Secondary School,27.62581,83.23672,sarasawati higher secondary school/sarasawati/सरस्वती उच्च माध्यमिक विद्यालय
Saraswoti Higher Secondary School,27.67243,83.30332,saraswoti higher secondary school/saraswoti/सरस्वती उच्च माध्यमिक विद्यालय
Shree Basantapur Dasharath Janata Secondary School,27.50926,83.49223,shree basantapur dasharath janata secondary school/basantapur dasharath janata secondary school/basantapur dasharath janata/श्री बसन्तपुर दशरथ जनता माध्यमिक विद्यालय
Shree Bhabisya Nirman Secondary School,27.59347,83.55983,shree bhabisya nirman secondary school/bhabisya nirman secondary school/bhabisya nirman/श्री भविष्य निर्माण माध्यमिक विद्यालय
Shree Brihspati College And Secondary School,27.52311,83.4636,shree brihspati college and secondary school/brihspati college and secondary school/brihspati and/श्री बृहस्पति कलेज एण्ड माध्यमिक विद्यालय
Shree Chipgadh Secondary School,27.51626,83.5878,shree chipgadh secondary school/chipgadh secondary school/chipgadh/श्री चिपगढ माध्यमिक विद्यालय
Shree Gauri Bhawani Secondary School,27.66074,83.19188,shree gauri bhawani secondary school/gauri bhawani secondary school/gauri bhawani/श्री गौरी भवानी माध्यमिक विद्यालय
Shree Kerwani Secondary School,27.64136,83.59665,shree kerwani secondary school/kerwani secondary school/kerwani/श्री केर्वानी माध्यमिक विद्यालय
Shree Naharpur Secondary School,27.68422,83.44572,shree naharpur secondary school/naharpur secondary school/naharpur/श्री नाहरपुर माध्यमिक विद्यालय
Shree Nawaratna Secondary School,27.66968,83.39359,shree nawaratna secondary school/nawaratna secondary school/nawaratna/श्री नवरत्न माध्यमिक विद्यालय
Shree Nepal Rastya Higher Secondary School,27.47643,83.20302,shree nepal rastya higher secondary school/nepal rastya higher secondary school/nepal rastya
Shree Pragati Secondary School,27.67725,83.45371,shree pragati secondary school/pragati secondary school/pragati/श्री प्रगति माध्यमिक विद्यालय
Shree Santi Namuna Higher Secondary School,27.63027,83.46857,shree santi namuna higher secondary school/santi namuna higher secondary school/santi namuna/श्री शान्ति नमुना उच्च माध्यमिक विद्यालय
Shree Shankar Secondary School,27.61807,83.42416,shree shankar secondary school/shankar secondary school/shankar/श्री शंकर माध्यमिक विद्यालय
Shree Thanidanda Secondary School,27.76112,83.42963,shree thanidanda secondary school/thanidanda secondary school/thanidanda/श्री थानीडाँडा माध्यमिक विद्यालय
Shree Tilottama Secondary School,27.74731,83.49765,shree tilottama secondary school/tilottama secondary school/tilottama/श्री तिलोत्तमा माध्यमिक विद्यालय
Shri Durga Secondary School,27.57383,83.44603,shri durga secondary school/durga secondary school/durga/श्री दुर्गा माध्यमिक विद्यालय
Shri Nawa Durga Secondary School,27.51204,83.42505,shri nawa durga secondary school/nawa durga secondary school/nawa durga/श्री नव दुर्गा माध्यमिक विद्यालय
Shri Tikuligadh Higher Secondary School,27.58373,83.43727,shri tikuligadh higher secondary school/tikuligadh higher secondary school/tikuligadh/श्री टिकुलीगढ उच्च माध्यमिक विद्यालय
St. Joseph College,27.59968,83.47309,saint joseph/st joseph/सेन्ट जोसेफ कलेज
Sunrise Global Academy,27.40782,83.25949,sunrise global academy/sunrise global/सनराइज ग्लोबल एकेडेमी
Tilottama English Secondary School,27.62459,83.40256,tilottama english secondary school/tilottama/तिलोत्तमा इङ्लिस माध्यमिक विद्यालय
